date,headline,realized_volatility
2020-01-01,"Tesla CEO resigns, stock price rise",1.1188
2020-01-02,Financial stocks drops amid geopolitical tensions,1.1918
2020-01-03,"Apple announces buyback program, shares fall",4.4246
2020-01-04,Trading volume spikes for Nvidia on merger news,0.8839
2020-01-05,"Meta announces buyback program, shares jump",0.3157
2020-01-06,Trading volume spikes for Nvidia on regulatory approval,0.6875
2020-01-07,"Nvidia reports surprising quarterly earnings, meeting analyst expectations",60.8971
2020-01-08,"Microsoft faces regulatory scrutiny, analysts revise outlook",0.8382
2020-01-09,"Amazon CEO appointed, stock price jump",1.0501
2020-01-10,"Employment falls, markets rise",1.5374
2020-01-11,Market volatility rises as inflation concerns,1.381
2020-01-12,"Apple reports record quarterly earnings, missing analyst expectations",2.5843
2020-01-13,Market volatility surges as geopolitical tensions,4.3417
2020-01-14,Trading volume spikes for Apple on merger news,0.241
2020-01-15,Healthcare stocks surges amid geopolitical tensions,3.5948
2020-01-16,"Federal Reserve signals dovish stance, stability expected",5.1787
2020-01-17,"Nvidia announces dividend increase, shares decline",5.2252
2020-01-18,"Federal Reserve signals dovish stance, stability expected",3.3329
2020-01-19,"Federal Reserve maintains policy, volatility expected",2.986
2020-01-20,"Microsoft CEO announces strategy shift, stock price rise",0.772
2020-01-21,"Nvidia faces competition, analysts revise outlook",2.1981
2020-01-22,Market volatility spikes as geopolitical tensions,1.7517
2020-01-23,Market volatility surges as inflation concerns,1.3896
2020-01-24,"Microsoft faces regulatory scrutiny, analysts upgrade",12.2466
2020-01-25,"Federal Reserve raises rates, volatility expected",2.293
2020-01-26,"Tesla CEO announces strategy shift, stock price jump",0.9249
2020-01-27,Healthcare stocks plunges amid inflation concerns,4.7651
2020-01-28,"Amazon faces regulatory scrutiny, analysts upgrade",2.13
2020-01-29,Amazon stock falls 10% on earnings report,0.3992
2020-01-30,"Nvidia CEO appointed, stock price soar",0.9194
2020-01-31,"Retail sales exceeds expectations, markets tumble",2.2225
2020-02-01,Energy stocks drops amid inflation concerns,3.1039
2020-02-02,"Meta CEO appointed, stock price jump",3.2465
2020-02-03,"Tesla announces dividend increase, shares tumble",2.6302
2020-02-04,"Tesla faces competition, analysts downgrade",3.0652
2020-02-05,Tech stocks falls amid recession fears,3.238
2020-02-06,"Meta faces scandal, analysts maintain rating",0.2552
2020-02-07,"Google announces buyback program, shares tumble",4.6293
2020-02-08,Financial stocks surges amid supply chain issues,4.5538
2020-02-09,Consumer stocks rallies amid inflation concerns,16.8798
2020-02-10,"Apple reports weak quarterly earnings, exceeding analyst expectations",1.4257
2020-02-11,"Nvidia CEO appointed, stock price fall",31.8274
2020-02-12,Tesla stock surges 8% on regulatory approval,2.4721
2020-02-13,Meta stock rallies 14% on regulatory approval,0.4782
2020-02-14,"Apple announces stock split, shares tumble",17.7265
2020-02-15,"Meta faces scandal, analysts downgrade",27.4957
2020-02-16,"Apple announces restructuring, shares decline",5.9672
2020-02-17,"Meta CEO resigns, stock price rise",0.9506
2020-02-18,"Employment disappoints, markets tumble",0.7252
2020-02-19,"Microsoft announces stock split, shares jump",0.8234
2020-02-20,Trading volume doubles for Nvidia on regulatory approval,4.3568
2020-02-21,Trading volume doubles for Microsoft on merger news,3.1668
2020-02-22,"Google announces stock split, shares tumble",3.1191
2020-02-23,Market volatility increases as geopolitical tensions,0.9273
2020-02-24,Market volatility surges as recession fears,3.1566
2020-02-25,Trading volume doubles for Nvidia on regulatory approval,6.6762
2020-02-26,"Amazon CEO appointed, stock price jump",6.8351
2020-02-27,"Meta reports disappointing quarterly earnings, missing analyst expectations",6.9314
2020-02-28,Healthcare stocks rallies amid inflation concerns,0.4382
2020-02-29,"Meta faces competition, analysts downgrade",11.5931
2020-03-01,"Apple faces lawsuit, analysts downgrade",0.905
2020-03-02,Energy stocks surges amid supply chain issues,1.6292
2020-03-03,Amazon stock climbs 11% on product launch,1.9869
2020-03-04,Trading volume spikes for Apple on regulatory approval,1.1178
2020-03-05,"Federal Reserve cuts rates, stability expected",0.8563
2020-03-06,"Nvidia CEO resigns, stock price rise",14.9917
2020-03-07,Trading volume drops for Microsoft on merger news,0.4892
2020-03-08,Apple stock climbs 10% on regulatory approval,15.1659
2020-03-09,"Federal Reserve cuts rates, stability expected",1.3922
2020-03-10,"Microsoft announces buyback program, shares tumble",2.2192
2020-03-11,"Google CEO resigns, stock price tumble",4.943
2020-03-12,Tesla stock climbs 5% on product launch,0.242
2020-03-13,"Nvidia CEO resigns, stock price rise",0.3105
2020-03-14,Trading volume doubles for Apple on product launch,1.8175
2020-03-15,"Google reports strong quarterly earnings, missing analyst expectations",0.5601
2020-03-16,"Apple faces regulatory scrutiny, analysts maintain rating",1.7
2020-03-17,Amazon stock drops 4% on regulatory approval,0.2048
2020-03-18,"Tesla CEO appointed, stock price jump",9.3903
2020-03-19,"Google CEO appointed, stock price decline",1.1427
2020-03-20,"Tesla CEO appointed, stock price decline",2.0885
2020-03-21,"Retail sales exceeds expectations, markets jump",0.8287
2020-03-22,"Tesla announces dividend increase, shares jump",3.724
2020-03-23,Market volatility spikes as geopolitical tensions,30.809
2020-03-24,"GDP falls, markets rise",1.2983
2020-03-25,Trading volume drops for Apple on product launch,0.1
2020-03-26,"Federal Reserve raises rates, volatility expected",1.0522
2020-03-27,"Employment falls, markets jump",1.2565
2020-03-28,"Microsoft announces buyback program, shares rise",4.0941
2020-03-29,Market volatility increases as inflation concerns,1.2408
2020-03-30,Trading volume spikes for Amazon on product launch,3.0906
2020-03-31,"Federal Reserve cuts rates, volatility expected",3.9258
2020-04-01,"Meta announces restructuring, shares jump",4.3834
2020-04-02,"Microsoft reports disappointing quarterly earnings, missing analyst expectations",16.1985
2020-04-03,"Amazon CEO appointed, stock price fall",0.2041
2020-04-04,Market volatility spikes as supply chain issues,7.7825
2020-04-05,"Retail sales exceeds expectations, markets soar",11.25
2020-04-06,"Apple announces stock split, shares soar",18.8949
2020-04-07,Nvidia stock falls 1% on product launch,4.5497
2020-04-08,Trading volume drops for Microsoft on regulatory approval,1.9109
2020-04-09,Meta stock falls 13% on earnings report,0.7048
2020-04-10,Market volatility spikes as geopolitical tensions,9.5186
2020-04-11,Tech stocks drops amid geopolitical tensions,1.7856
2020-04-12,"Meta announces dividend increase, shares jump",12.2956
2020-04-13,Nvidia stock drops 13% on earnings report,8.3277
2020-04-14,Amazon stock surges 8% on product launch,2.5533
2020-04-15,Trading volume spikes for Amazon on product launch,0.9513
2020-04-16,Market volatility increases as supply chain issues,2.474
2020-04-17,"Tesla faces lawsuit, analysts revise outlook",0.3083
2020-04-18,"Meta CEO resigns, stock price jump",2.1916
2020-04-19,"Microsoft reports strong quarterly earnings, exceeding analyst expectations",16.6582
2020-04-20,Microsoft stock surges 9% on product launch,6.3958
2020-04-21,"Meta reports strong quarterly earnings, beating analyst expectations",1.5004
2020-04-22,"Amazon faces regulatory scrutiny, analysts upgrade",2.4119
2020-04-23,"Nvidia announces dividend increase, shares jump",0.6723
2020-04-24,"Amazon announces buyback program, shares decline",5.4532
2020-04-25,Microsoft stock falls 10% on earnings report,0.4497
2020-04-26,"Tesla faces competition, analysts downgrade",1.0646
2020-04-27,"Microsoft faces lawsuit, analysts upgrade",1.0995
2020-04-28,"Federal Reserve raises rates, uncertainty expected",3.7048
2020-04-29,"GDP exceeds expectations, markets jump",0.6402
2020-04-30,Trading volume spikes for Tesla on merger news,8.6813
2020-05-01,"Tesla reports weak quarterly earnings, exceeding analyst expectations",0.4397
2020-05-02,Meta stock plunges 7% on merger news,0.5649
2020-05-03,"Tesla CEO appointed, stock price jump",0.3307
2020-05-04,Consumer stocks surges amid inflation concerns,2.8793
2020-05-05,"Federal Reserve maintains policy, stability expected",2.8634
2020-05-06,Trading volume drops for Microsoft on earnings report,0.9714
2020-05-07,"Tesla reports strong quarterly earnings, missing analyst expectations",27.5183
2020-05-08,"Google announces buyback program, shares jump",6.1846
2020-05-09,Microsoft stock drops 11% on merger news,0.2605
2020-05-10,"Tesla reports disappointing quarterly earnings, meeting analyst expectations",0.7064
2020-05-11,Market volatility surges as supply chain issues,9.6109
2020-05-12,Consumer stocks plunges amid geopolitical tensions,1.2496
2020-05-13,"Microsoft announces stock split, shares fall",1.1989
2020-05-14,Trading volume doubles for Apple on product launch,2.7137
2020-05-15,"Google CEO resigns, stock price soar",1.8766
2020-05-16,Financial stocks falls amid recession fears,2.4803
2020-05-17,"Nvidia reports strong quarterly earnings, beating analyst expectations",0.787
2020-05-18,"Tesla announces dividend increase, shares fall",4.3093
2020-05-19,"Apple faces competition, analysts maintain rating",0.1505
2020-05-20,"Inflation exceeds expectations, markets decline",1.0457
2020-05-21,Energy stocks plunges amid recession fears,3.9005
2020-05-22,"Tesla CEO announces strategy shift, stock price soar",0.6301
2020-05-23,Financial stocks plunges amid inflation concerns,6.6978
2020-05-24,Healthcare stocks climbs amid supply chain issues,9.3445
2020-05-25,Consumer stocks surges amid inflation concerns,1.0591
2020-05-26,Trading volume drops for Microsoft on regulatory approval,0.5469
2020-05-27,"Apple CEO appointed, stock price rise",1.4007
2020-05-28,Market volatility rises as recession fears,3.3676
2020-05-29,"Federal Reserve maintains policy, volatility expected",1.4278
2020-05-30,"Nvidia CEO resigns, stock price decline",4.0324
2020-05-31,"Meta faces scandal, analysts upgrade",0.8253
2020-06-01,"Meta CEO appointed, stock price jump",0.7086
2020-06-02,"Amazon reports record quarterly earnings, beating analyst expectations",3.8932
2020-06-03,Trading volume drops for Google on regulatory approval,1.031
2020-06-04,"Federal Reserve cuts rates, uncertainty expected",11.9637
2020-06-05,Market volatility rises as supply chain issues,1.7303
2020-06-06,"Amazon announces stock split, shares rise",3.8167
2020-06-07,Trading volume drops for Microsoft on product launch,1.4294
2020-06-08,Consumer stocks surges amid supply chain issues,1.4696
2020-06-09,"Nvidia faces lawsuit, analysts downgrade",2.5146
2020-06-10,Market volatility rises as geopolitical tensions,1.2173
2020-06-11,Financial stocks surges amid inflation concerns,3.0574
2020-06-12,"Federal Reserve signals dovish stance, growth expected",2.2306
2020-06-13,"Employment disappoints, markets fall",1.9871
2020-06-14,"Amazon CEO appointed, stock price decline",2.8826
2020-06-15,Trading volume doubles for Meta on regulatory approval,13.4949
2020-06-16,"Meta announces restructuring, shares soar",3.2931
2020-06-17,"Employment disappoints, markets decline",1.6087
2020-06-18,Google stock falls 5% on regulatory approval,0.9233
2020-06-19,"Nvidia CEO appointed, stock price tumble",2.0552
2020-06-20,"Meta announces buyback program, shares rise",0.2941
2020-06-21,Market volatility increases as recession fears,6.0199
2020-06-22,"Meta reports record quarterly earnings, exceeding analyst expectations",2.1235
2020-06-23,"Google reports record quarterly earnings, meeting analyst expectations",2.6429
2020-06-24,"Google reports weak quarterly earnings, meeting analyst expectations",3.0984
2020-06-25,"Nvidia reports disappointing quarterly earnings, missing analyst expectations",0.6253
2020-06-26,"Meta faces scandal, analysts upgrade",5.849
2020-06-27,"Apple reports disappointing quarterly earnings, meeting analyst expectations",2.9615
2020-06-28,Tesla stock surges 5% on merger news,4.2957
2020-06-29,Trading volume spikes for Amazon on product launch,1.9331
2020-06-30,"Federal Reserve cuts rates, growth expected",1.2015
2020-07-01,Trading volume drops for Amazon on merger news,1.4756
2020-07-02,Tech stocks climbs amid recession fears,1.738
2020-07-03,Market volatility spikes as inflation concerns,1.5434
2020-07-04,Energy stocks falls amid recession fears,1.1375
2020-07-05,Meta stock plunges 3% on earnings report,2.3772
2020-07-06,Market volatility surges as geopolitical tensions,10.6812
2020-07-07,"Meta announces dividend increase, shares rise",4.6208
2020-07-08,"Nvidia announces stock split, shares soar",1.2994
2020-07-09,"Microsoft CEO appointed, stock price decline",3.6318
2020-07-10,"Meta CEO resigns, stock price jump",2.3399
2020-07-11,"Apple CEO resigns, stock price rise",2.0715
2020-07-12,"Nvidia reports weak quarterly earnings, missing analyst expectations",3.1004
2020-07-13,Market volatility spikes as supply chain issues,1.5926
2020-07-14,"Meta announces restructuring, shares jump",4.1832
2020-07-15,Microsoft stock climbs 9% on product launch,3.2157
2020-07-16,"Inflation disappoints, markets tumble",0.7712
2020-07-17,"Microsoft reports weak quarterly earnings, beating analyst expectations",2.1062
2020-07-18,"Employment disappoints, markets decline",1.6609
2020-07-19,"Retail sales falls, markets soar",0.391
2020-07-20,Trading volume doubles for Nvidia on merger news,3.2324
2020-07-21,"Google faces lawsuit, analysts maintain rating",0.7764
2020-07-22,"GDP falls, markets soar",2.9095
2020-07-23,Google stock surges 7% on merger news,3.6629
2020-07-24,Trading volume drops for Google on earnings report,2.8478
2020-07-25,Trading volume spikes for Tesla on earnings report,3.1089
2020-07-26,"Apple reports disappointing quarterly earnings, missing analyst expectations",5.9331
2020-07-27,Market volatility rises as inflation concerns,0.8343
2020-07-28,Market volatility surges as geopolitical tensions,1.7624
2020-07-29,Trading volume doubles for Amazon on regulatory approval,2.505
2020-07-30,Nvidia stock drops 4% on regulatory approval,1.3175
2020-07-31,"Google announces restructuring, shares tumble",1.9067
2020-08-01,"Tesla faces regulatory scrutiny, analysts maintain rating",0.6473
2020-08-02,"Microsoft reports surprising quarterly earnings, exceeding analyst expectations",1.007
2020-08-03,"Google announces dividend increase, shares rise",3.0227
2020-08-04,"Nvidia announces stock split, shares rise",5.4275
2020-08-05,Trading volume doubles for Nvidia on product launch,1.0653
2020-08-06,Financial stocks rallies amid geopolitical tensions,5.2368
2020-08-07,Tech stocks drops amid inflation concerns,3.5443
2020-08-08,Financial stocks surges amid supply chain issues,3.2842
2020-08-09,"Retail sales exceeds expectations, markets fall",1.3658
2020-08-10,"Nvidia reports weak quarterly earnings, meeting analyst expectations",4.5866
2020-08-11,"Apple CEO announces strategy shift, stock price tumble",5.3217
2020-08-12,"Tesla CEO resigns, stock price rise",2.4583
2020-08-13,"Employment falls, markets decline",1.2009
2020-08-14,"Apple reports disappointing quarterly earnings, missing analyst expectations",1.665
2020-08-15,Market volatility rises as supply chain issues,0.8926
2020-08-16,"Apple faces competition, analysts revise outlook",0.5487
2020-08-17,"Federal Reserve signals dovish stance, stability expected",0.318
2020-08-18,"Employment exceeds expectations, markets jump",0.3493
2020-08-19,"Amazon announces stock split, shares tumble",5.5793
2020-08-20,"Microsoft announces dividend increase, shares soar",0.9697
2020-08-21,Market volatility spikes as inflation concerns,4.5083
2020-08-22,"Federal Reserve cuts rates, growth expected",0.6574
2020-08-23,"Apple faces competition, analysts maintain rating",0.1877
2020-08-24,"Nvidia reports record quarterly earnings, missing analyst expectations",6.2398
2020-08-25,Market volatility increases as supply chain issues,1.4049
2020-08-26,Market volatility rises as geopolitical tensions,3.9561
2020-08-27,"Amazon announces dividend increase, shares tumble",3.304
2020-08-28,"Google CEO resigns, stock price soar",10.0796
2020-08-29,"Apple CEO resigns, stock price jump",2.0433
2020-08-30,"Google CEO announces strategy shift, stock price soar",0.91
2020-08-31,"Tesla faces lawsuit, analysts maintain rating",1.611
2020-09-01,"Apple faces regulatory scrutiny, analysts maintain rating",0.4864
2020-09-02,Tech stocks plunges amid supply chain issues,4.7263
2020-09-03,"Tesla faces competition, analysts downgrade",0.8584
2020-09-04,"GDP falls, markets soar",2.349
2020-09-05,"Google announces buyback program, shares rise",2.6606
2020-09-06,"Inflation exceeds expectations, markets soar",3.4503
2020-09-07,"Federal Reserve maintains policy, growth expected",1.582
2020-09-08,"Tesla faces competition, analysts revise outlook",6.3461
2020-09-09,"Microsoft reports weak quarterly earnings, missing analyst expectations",1.7283
2020-09-10,"Nvidia announces buyback program, shares fall",7.3227
2020-09-11,"Federal Reserve cuts rates, volatility expected",4.2711
2020-09-12,Market volatility increases as recession fears,4.7953
2020-09-13,"Federal Reserve maintains policy, stability expected",0.6672
2020-09-14,"Amazon faces competition, analysts downgrade",1.3896
2020-09-15,"Amazon announces dividend increase, shares jump",1.9557
2020-09-16,Amazon stock climbs 5% on product launch,1.0951
2020-09-17,"Nvidia reports disappointing quarterly earnings, missing analyst expectations",1.0335
2020-09-18,Google stock plunges 4% on merger news,59.2687
2020-09-19,"Google CEO resigns, stock price soar",1.9598
2020-09-20,Financial stocks surges amid inflation concerns,1.185
2020-09-21,"Tesla faces competition, analysts maintain rating",0.3933
2020-09-22,"Google announces restructuring, shares decline",0.8036
2020-09-23,Market volatility increases as recession fears,17.9169
2020-09-24,Trading volume spikes for Apple on product launch,6.5121
2020-09-25,"Federal Reserve signals dovish stance, uncertainty expected",20.5355
2020-09-26,"Tesla announces restructuring, shares jump",1.9164
2020-09-27,Market volatility increases as supply chain issues,1.1424
2020-09-28,"Tesla faces regulatory scrutiny, analysts revise outlook",1.1556
2020-09-29,Amazon stock drops 8% on product launch,2.4774
2020-09-30,"Google CEO announces strategy shift, stock price decline",11.5271
2020-10-01,"Tesla faces regulatory scrutiny, analysts revise outlook",1.3082
2020-10-02,"GDP rises, markets rise",3.2331
2020-10-03,Market volatility spikes as supply chain issues,6.0902
2020-10-04,"Federal Reserve maintains policy, growth expected",0.3812
2020-10-05,"Nvidia announces restructuring, shares rise",2.1908
2020-10-06,Market volatility surges as geopolitical tensions,6.2231
2020-10-07,"Amazon faces lawsuit, analysts maintain rating",0.7462
2020-10-08,"Apple CEO resigns, stock price soar",8.5739
2020-10-09,"Microsoft faces competition, analysts downgrade",16.2527
2020-10-10,"Federal Reserve maintains policy, uncertainty expected",3.8059
2020-10-11,Healthcare stocks plunges amid geopolitical tensions,1.9945
2020-10-12,"GDP exceeds expectations, markets soar",0.6897
2020-10-13,"Meta reports record quarterly earnings, beating analyst expectations",5.1699
2020-10-14,"Nvidia reports surprising quarterly earnings, exceeding analyst expectations",3.9027
2020-10-15,Microsoft stock surges 14% on merger news,0.3609
2020-10-16,Trading volume spikes for Google on earnings report,10.1124
2020-10-17,"Google announces restructuring, shares rise",9.7919
2020-10-18,"Federal Reserve raises rates, volatility expected",10.4233
2020-10-19,"Google announces buyback program, shares rise",1.0555
2020-10-20,Market volatility increases as inflation concerns,9.0298
2020-10-21,"Amazon reports strong quarterly earnings, beating analyst expectations",6.4686
2020-10-22,"Nvidia CEO resigns, stock price rise",7.6703
2020-10-23,Tesla stock plunges 6% on regulatory approval,3.0129
2020-10-24,"Nvidia announces restructuring, shares decline",2.4469
2020-10-25,"Google announces restructuring, shares jump",0.7389
2020-10-26,"Google faces competition, analysts downgrade",2.848
2020-10-27,Google stock drops 13% on product launch,2.9529
2020-10-28,Microsoft stock drops 11% on earnings report,0.8293
2020-10-29,"Meta faces scandal, analysts downgrade",2.2758
2020-10-30,Trading volume spikes for Apple on regulatory approval,3.4708
2020-10-31,"Tesla faces competition, analysts upgrade",0.9423
2020-11-01,"Tesla faces regulatory scrutiny, analysts revise outlook",1.8301
2020-11-02,"Apple faces scandal, analysts revise outlook",7.0791
2020-11-03,Google stock falls 4% on earnings report,0.7379
2020-11-04,"Google announces restructuring, shares soar",6.4689
2020-11-05,Trading volume drops for Amazon on regulatory approval,0.8313
2020-11-06,"Nvidia announces stock split, shares fall",4.769
2020-11-07,Market volatility spikes as recession fears,66.0457
2020-11-08,Market volatility increases as supply chain issues,6.0357
2020-11-09,"Google announces dividend increase, shares jump",8.6859
2020-11-10,Market volatility spikes as supply chain issues,4.9431
2020-11-11,Amazon stock drops 14% on product launch,2.1726
2020-11-12,"Apple announces stock split, shares jump",0.9908
2020-11-13,"Nvidia reports weak quarterly earnings, meeting analyst expectations",13.246
2020-11-14,"Meta announces buyback program, shares fall",1.2787
2020-11-15,"Microsoft announces buyback program, shares tumble",23.8072
2020-11-16,Financial stocks surges amid recession fears,30.3407
2020-11-17,"Inflation disappoints, markets fall",3.6221
2020-11-18,Market volatility rises as geopolitical tensions,2.3411
2020-11-19,Energy stocks surges amid supply chain issues,2.0555
2020-11-20,Financial stocks rallies amid geopolitical tensions,0.6542
2020-11-21,"Apple announces buyback program, shares soar",2.5644
2020-11-22,"Federal Reserve signals dovish stance, volatility expected",1.0918
2020-11-23,"Federal Reserve maintains policy, uncertainty expected",4.0636
2020-11-24,"Federal Reserve maintains policy, uncertainty expected",1.1038
2020-11-25,"Inflation exceeds expectations, markets soar",7.5748
2020-11-26,Amazon stock surges 12% on regulatory approval,5.6452
2020-11-27,"Meta CEO announces strategy shift, stock price tumble",3.5133
2020-11-28,Nvidia stock climbs 3% on regulatory approval,1.4014
2020-11-29,"Tesla CEO appointed, stock price jump",7.4655
2020-11-30,"Tesla CEO resigns, stock price decline",6.3565
2020-12-01,Nvidia stock surges 7% on regulatory approval,9.4616
2020-12-02,"Retail sales rises, markets soar",1.4563
2020-12-03,"Retail sales rises, markets rise",0.4426
2020-12-04,"Federal Reserve signals dovish stance, stability expected",2.8928
2020-12-05,"Federal Reserve cuts rates, stability expected",5.7043
2020-12-06,"Microsoft faces scandal, analysts maintain rating",1.5638
2020-12-07,"Nvidia announces stock split, shares tumble",8.7526
2020-12-08,Consumer stocks rallies amid inflation concerns,2.5546
2020-12-09,"Google CEO resigns, stock price fall",2.7494
2020-12-10,"Nvidia faces competition, analysts revise outlook",3.9761
2020-12-11,"Amazon CEO appointed, stock price soar",5.4089
2020-12-12,"Microsoft faces competition, analysts maintain rating",4.5762
2020-12-13,Market volatility increases as supply chain issues,1.3075
2020-12-14,Trading volume doubles for Meta on merger news,0.6276
2020-12-15,"Google announces restructuring, shares rise",2.9619
2020-12-16,"Tesla reports disappointing quarterly earnings, meeting analyst expectations",8.4012
2020-12-17,"Apple announces stock split, shares jump",1.1445
2020-12-18,Market volatility surges as inflation concerns,1.135
2020-12-19,"Microsoft reports weak quarterly earnings, exceeding analyst expectations",14.6111
2020-12-20,Apple stock drops 6% on merger news,0.8061
2020-12-21,"Tesla reports weak quarterly earnings, beating analyst expectations",1.051
2020-12-22,"Google CEO announces strategy shift, stock price tumble",3.854
2020-12-23,"Tesla reports weak quarterly earnings, meeting analyst expectations",0.4526
2020-12-24,"Meta reports strong quarterly earnings, beating analyst expectations",0.7952
2020-12-25,"Apple CEO resigns, stock price jump",0.7889
2020-12-26,Healthcare stocks rallies amid inflation concerns,0.8371
2020-12-27,"Meta announces restructuring, shares decline",0.8135
2020-12-28,Market volatility increases as inflation concerns,1.497
2020-12-29,"Meta CEO announces strategy shift, stock price soar",3.7765
2020-12-30,"GDP falls, markets tumble",5.8986
2020-12-31,"GDP exceeds expectations, markets fall",2.4393
2021-01-01,"Apple faces regulatory scrutiny, analysts downgrade",0.7532
2021-01-02,"GDP disappoints, markets rise",2.0664
2021-01-03,"Tesla faces regulatory scrutiny, analysts maintain rating",2.2619
2021-01-04,"Tesla faces scandal, analysts downgrade",1.5639
2021-01-05,Trading volume drops for Nvidia on merger news,1.215
2021-01-06,"Meta faces competition, analysts downgrade",1.8476
2021-01-07,"Federal Reserve cuts rates, growth expected",0.1334
2021-01-08,Trading volume drops for Microsoft on earnings report,3.1691
2021-01-09,"Meta announces restructuring, shares fall",1.3639
2021-01-10,Consumer stocks climbs amid supply chain issues,5.0977
2021-01-11,"Google faces regulatory scrutiny, analysts upgrade",1.4062
2021-01-12,"Federal Reserve cuts rates, stability expected",0.9958
2021-01-13,Market volatility increases as inflation concerns,13.689
2021-01-14,Market volatility surges as inflation concerns,1.1893
2021-01-15,"Meta CEO appointed, stock price tumble",5.1652
2021-01-16,"Tesla announces restructuring, shares tumble",5.6206
2021-01-17,"Apple CEO appointed, stock price rise",0.8884
2021-01-18,"Apple announces stock split, shares soar",1.9303
2021-01-19,Market volatility surges as supply chain issues,3.2316
2021-01-20,Amazon stock plunges 13% on earnings report,1.6263
2021-01-21,Healthcare stocks rallies amid geopolitical tensions,3.6576
2021-01-22,Energy stocks rallies amid geopolitical tensions,0.6948
2021-01-23,"Apple faces lawsuit, analysts downgrade",1.4687
2021-01-24,"Meta faces lawsuit, analysts upgrade",0.4878
2021-01-25,"Federal Reserve maintains policy, stability expected",4.0145
2021-01-26,"Google announces restructuring, shares fall",0.8314
2021-01-27,Trading volume doubles for Amazon on merger news,1.8652
2021-01-28,Trading volume drops for Amazon on merger news,7.5206
2021-01-29,"Retail sales exceeds expectations, markets fall",1.8976
2021-01-30,Healthcare stocks rallies amid supply chain issues,0.137
2021-01-31,Google stock plunges 9% on earnings report,8.1229
2021-02-01,"Apple reports strong quarterly earnings, beating analyst expectations",3.3188
2021-02-02,"Tesla reports weak quarterly earnings, exceeding analyst expectations",0.33
2021-02-03,"Federal Reserve maintains policy, volatility expected",2.1783
2021-02-04,Google stock rallies 1% on regulatory approval,10.8015
2021-02-05,"Google reports weak quarterly earnings, beating analyst expectations",1.0343
2021-02-06,"Amazon announces stock split, shares decline",1.5615
2021-02-07,"Federal Reserve raises rates, volatility expected",1.3812
2021-02-08,Meta stock plunges 11% on regulatory approval,2.7541
2021-02-09,Google stock falls 7% on product launch,0.6159
2021-02-10,"Tesla CEO announces strategy shift, stock price tumble",1.3418
2021-02-11,"Inflation disappoints, markets tumble",8.0351
2021-02-12,Consumer stocks drops amid geopolitical tensions,0.59
2021-02-13,"Federal Reserve raises rates, growth expected",4.0234
2021-02-14,Trading volume doubles for Tesla on merger news,0.8464
2021-02-15,"Meta faces regulatory scrutiny, analysts downgrade",0.9247
2021-02-16,Trading volume spikes for Microsoft on regulatory approval,0.2822
2021-02-17,"Employment exceeds expectations, markets soar",1.8432
2021-02-18,Market volatility rises as recession fears,1.9852
2021-02-19,"Nvidia faces scandal, analysts maintain rating",3.2523
2021-02-20,Financial stocks rallies amid supply chain issues,2.5316
2021-02-21,"Federal Reserve maintains policy, growth expected",2.3906
2021-02-22,"Nvidia CEO announces strategy shift, stock price rise",4.4128
2021-02-23,"Google faces competition, analysts revise outlook",0.9428
2021-02-24,"Google faces scandal, analysts downgrade",1.4736
2021-02-25,Meta stock plunges 10% on merger news,2.7746
2021-02-26,Market volatility rises as geopolitical tensions,1.1521
2021-02-27,Consumer stocks rallies amid recession fears,2.5274
2021-02-28,"Federal Reserve raises rates, volatility expected",1.6179
2021-03-01,"Apple announces buyback program, shares tumble",2.7713
2021-03-02,"Apple announces buyback program, shares soar",1.332
2021-03-03,"Amazon faces scandal, analysts maintain rating",0.9938
2021-03-04,"Amazon faces scandal, analysts maintain rating",0.2663
2021-03-05,"Microsoft announces dividend increase, shares decline",2.4581
2021-03-06,"Federal Reserve signals dovish stance, growth expected",1.0959
2021-03-07,"Federal Reserve cuts rates, stability expected",0.4111
2021-03-08,"Federal Reserve maintains policy, stability expected",1.4343
2021-03-09,"Tesla reports disappointing quarterly earnings, missing analyst expectations",3.2924
2021-03-10,"Employment disappoints, markets tumble",0.9222
2021-03-11,"Tesla reports disappointing quarterly earnings, beating analyst expectations",0.7868
2021-03-12,"Apple faces lawsuit, analysts maintain rating",1.2124
2021-03-13,Microsoft stock rallies 10% on merger news,0.5242
2021-03-14,"Federal Reserve signals dovish stance, stability expected",0.9925
2021-03-15,Amazon stock drops 8% on merger news,2.2848
2021-03-16,"Amazon CEO announces strategy shift, stock price fall",0.3608
2021-03-17,Healthcare stocks rallies amid recession fears,2.755
2021-03-18,"Google faces scandal, analysts revise outlook",0.278
2021-03-19,Market volatility increases as supply chain issues,1.1136
2021-03-20,"Microsoft announces buyback program, shares rise",0.2385
2021-03-21,Financial stocks drops amid geopolitical tensions,0.7383
2021-03-22,"Federal Reserve maintains policy, growth expected",0.748
2021-03-23,"Federal Reserve cuts rates, stability expected",4.0763
2021-03-24,"Tesla announces restructuring, shares fall",1.853
2021-03-25,Nvidia stock drops 14% on earnings report,0.3896
2021-03-26,Tech stocks rallies amid inflation concerns,1.6191
2021-03-27,"Retail sales rises, markets jump",1.26
2021-03-28,Trading volume doubles for Meta on product launch,1.2866
2021-03-29,Trading volume drops for Microsoft on product launch,0.638
2021-03-30,"Google faces regulatory scrutiny, analysts maintain rating",0.1
2021-03-31,"Federal Reserve maintains policy, growth expected",2.1989
2021-04-01,Financial stocks falls amid recession fears,16.0801
2021-04-02,"Federal Reserve raises rates, growth expected",9.0526
2021-04-03,"Meta announces dividend increase, shares jump",2.7218
2021-04-04,"Apple faces competition, analysts downgrade",1.1035
2021-04-05,Trading volume drops for Tesla on earnings report,5.6601
2021-04-06,Amazon stock plunges 4% on regulatory approval,0.996
2021-04-07,Healthcare stocks drops amid supply chain issues,3.5362
2021-04-08,"Federal Reserve cuts rates, uncertainty expected",3.843
2021-04-09,Apple stock surges 11% on regulatory approval,0.9839
2021-04-10,Market volatility spikes as recession fears,6.3352
2021-04-11,Amazon stock falls 13% on merger news,2.9591
2021-04-12,Trading volume spikes for Nvidia on regulatory approval,3.6183
2021-04-13,"Employment exceeds expectations, markets fall",3.1597
2021-04-14,"Retail sales exceeds expectations, markets soar",0.8291
2021-04-15,"Federal Reserve signals dovish stance, stability expected",1.1592
2021-04-16,Apple stock surges 10% on merger news,1.1197
2021-04-17,"Amazon reports disappointing quarterly earnings, beating analyst expectations",1.0598
2021-04-18,Trading volume doubles for Microsoft on earnings report,1.249
2021-04-19,"Meta announces stock split, shares tumble",1.0603
2021-04-20,"Apple faces regulatory scrutiny, analysts upgrade",1.2805
2021-04-21,Trading volume drops for Apple on product launch,1.2108
2021-04-22,"Apple faces scandal, analysts revise outlook",7.2211
2021-04-23,Trading volume doubles for Nvidia on earnings report,2.0664
2021-04-24,"Inflation rises, markets tumble",5.283
2021-04-25,Trading volume doubles for Nvidia on product launch,4.7104
2021-04-26,"Apple CEO announces strategy shift, stock price decline",0.7208
2021-04-27,Tech stocks drops amid geopolitical tensions,1.8358
2021-04-28,Market volatility rises as recession fears,0.7586
2021-04-29,Market volatility rises as recession fears,1.0344
2021-04-30,"Tesla reports weak quarterly earnings, meeting analyst expectations",1.8479
2021-05-01,Tech stocks drops amid recession fears,5.9027
2021-05-02,"Apple CEO announces strategy shift, stock price rise",1.5272
2021-05-03,"Federal Reserve maintains policy, uncertainty expected",2.3273
2021-05-04,"Google CEO resigns, stock price jump",0.9553
2021-05-05,"GDP rises, markets fall",2.0229
2021-05-06,"Federal Reserve raises rates, volatility expected",0.7829
2021-05-07,"Google announces dividend increase, shares decline",1.6091
2021-05-08,Trading volume spikes for Tesla on product launch,2.4265
2021-05-09,Market volatility spikes as inflation concerns,2.1329
2021-05-10,Healthcare stocks climbs amid inflation concerns,4.6253
2021-05-11,Market volatility surges as inflation concerns,4.4568
2021-05-12,"Microsoft faces lawsuit, analysts maintain rating",3.4587
2021-05-13,"Federal Reserve cuts rates, stability expected",1.198
2021-05-14,"Nvidia faces scandal, analysts maintain rating",0.3059
2021-05-15,"Microsoft announces stock split, shares rise",2.7582
2021-05-16,"Federal Reserve maintains policy, stability expected",2.3108
2021-05-17,"Microsoft faces regulatory scrutiny, analysts downgrade",0.8961
2021-05-18,"Apple announces dividend increase, shares soar",1.2337
2021-05-19,Consumer stocks rallies amid recession fears,2.1421
2021-05-20,"Google announces restructuring, shares tumble",4.4963
2021-05-21,"Microsoft reports surprising quarterly earnings, beating analyst expectations",1.8901
2021-05-22,"Apple reports record quarterly earnings, exceeding analyst expectations",6.2272
2021-05-23,"Meta announces stock split, shares tumble",1.3552
2021-05-24,"Apple CEO resigns, stock price decline",0.4463
2021-05-25,"Google CEO announces strategy shift, stock price tumble",0.7566
2021-05-26,Market volatility rises as supply chain issues,2.7255
2021-05-27,"Meta faces scandal, analysts revise outlook",0.588
2021-05-28,Market volatility rises as supply chain issues,0.4321
2021-05-29,"Google announces dividend increase, shares soar",0.7771
2021-05-30,"Employment rises, markets tumble",1.5338
2021-05-31,Market volatility rises as inflation concerns,18.1542
2021-06-01,"GDP exceeds expectations, markets tumble",2.2672
2021-06-02,Trading volume spikes for Nvidia on earnings report,0.8334
2021-06-03,"Tesla announces dividend increase, shares jump",10.1795
2021-06-04,"Meta faces competition, analysts downgrade",3.296
2021-06-05,"Nvidia announces dividend increase, shares tumble",6.6733
2021-06-06,Healthcare stocks climbs amid inflation concerns,14.6275
2021-06-07,"Retail sales rises, markets soar",8.1073
2021-06-08,"Google CEO appointed, stock price decline",5.4975
2021-06-09,"Amazon reports strong quarterly earnings, meeting analyst expectations",4.0366
2021-06-10,"Apple faces competition, analysts maintain rating",0.7347
2021-06-11,"Apple announces stock split, shares jump",11.6691
2021-06-12,"GDP rises, markets soar",6.5694
2021-06-13,"Apple CEO announces strategy shift, stock price tumble",3.2083
2021-06-14,"Nvidia CEO appointed, stock price soar",2.5788
2021-06-15,"Nvidia announces restructuring, shares rise",2.4349
2021-06-16,"Apple reports disappointing quarterly earnings, missing analyst expectations",2.5042
2021-06-17,Tech stocks climbs amid supply chain issues,6.3252
2021-06-18,Market volatility rises as supply chain issues,4.7126
2021-06-19,Consumer stocks surges amid recession fears,12.5803
2021-06-20,"Federal Reserve cuts rates, stability expected",1.0739
2021-06-21,"Federal Reserve cuts rates, volatility expected",6.206
2021-06-22,"Microsoft announces buyback program, shares tumble",1.077
2021-06-23,"Federal Reserve cuts rates, stability expected",2.7808
2021-06-24,"Microsoft CEO resigns, stock price rise",1.4339
2021-06-25,"Meta faces competition, analysts downgrade",1.7006
2021-06-26,"Inflation falls, markets fall",3.6904
2021-06-27,"Retail sales rises, markets soar",2.1195
2021-06-28,Market volatility rises as inflation concerns,1.1154
2021-06-29,"Apple reports strong quarterly earnings, missing analyst expectations",16.6216
2021-06-30,Energy stocks surges amid geopolitical tensions,1.35
2021-07-01,"Tesla reports disappointing quarterly earnings, exceeding analyst expectations",0.7695
2021-07-02,Market volatility rises as supply chain issues,3.4479
2021-07-03,"Employment exceeds expectations, markets fall",0.6904
2021-07-04,Market volatility surges as geopolitical tensions,0.9423
2021-07-05,"Amazon announces dividend increase, shares fall",3.0215
2021-07-06,"Employment disappoints, markets decline",1.1328
2021-07-07,Market volatility rises as inflation concerns,3.0577
2021-07-08,Tech stocks climbs amid supply chain issues,3.6758
2021-07-09,"Tesla faces competition, analysts revise outlook",0.7777
2021-07-10,Healthcare stocks rallies amid supply chain issues,1.9518
2021-07-11,"Amazon reports record quarterly earnings, beating analyst expectations",0.9254
2021-07-12,"Google CEO announces strategy shift, stock price tumble",0.7659
2021-07-13,Market volatility increases as recession fears,17.9135
2021-07-14,Tech stocks drops amid supply chain issues,3.2355
2021-07-15,"Microsoft reports strong quarterly earnings, exceeding analyst expectations",1.6869
2021-07-16,"Google reports strong quarterly earnings, exceeding analyst expectations",7.0243
2021-07-17,"Tesla reports surprising quarterly earnings, beating analyst expectations",0.5165
2021-07-18,"Federal Reserve signals dovish stance, volatility expected",3.8134
2021-07-19,"Retail sales falls, markets jump",3.797
2021-07-20,Microsoft stock surges 5% on earnings report,8.9667
2021-07-21,Trading volume doubles for Apple on product launch,2.602
2021-07-22,"Amazon reports surprising quarterly earnings, missing analyst expectations",4.2804
2021-07-23,Apple stock climbs 6% on earnings report,5.5232
2021-07-24,Google stock drops 9% on regulatory approval,1.3823
2021-07-25,"Federal Reserve signals dovish stance, volatility expected",3.4124
2021-07-26,"Federal Reserve raises rates, uncertainty expected",3.0191
2021-07-27,"Apple announces buyback program, shares rise",18.4676
2021-07-28,"GDP rises, markets jump",5.4817
2021-07-29,"Google reports surprising quarterly earnings, beating analyst expectations",2.645
2021-07-30,Market volatility increases as geopolitical tensions,1.4773
2021-07-31,"Meta CEO resigns, stock price rise",3.4689
2021-08-01,Healthcare stocks plunges amid supply chain issues,18.0939
2021-08-02,"Federal Reserve signals dovish stance, volatility expected",1.3604
2021-08-03,Financial stocks plunges amid inflation concerns,50.1114
2021-08-04,Market volatility rises as supply chain issues,5.751
2021-08-05,"Federal Reserve cuts rates, volatility expected",0.1506
2021-08-06,Trading volume spikes for Tesla on regulatory approval,10.5823
2021-08-07,"Amazon faces scandal, analysts downgrade",1.2429
2021-08-08,Tech stocks drops amid supply chain issues,1.8
2021-08-09,Apple stock climbs 2% on earnings report,0.9464
2021-08-10,"Meta announces restructuring, shares soar",2.5602
2021-08-11,"Federal Reserve cuts rates, stability expected",2.0076
2021-08-12,"Google faces scandal, analysts maintain rating",4.5805
2021-08-13,Trading volume drops for Amazon on merger news,1.9318
2021-08-14,"Federal Reserve raises rates, volatility expected",43.1794
2021-08-15,Tech stocks surges amid supply chain issues,10.7665
2021-08-16,"Nvidia reports strong quarterly earnings, beating analyst expectations",5.9484
2021-08-17,"Federal Reserve raises rates, uncertainty expected",2.5373
2021-08-18,Market volatility surges as supply chain issues,1.112
2021-08-19,"Microsoft CEO announces strategy shift, stock price decline",4.6651
2021-08-20,Tech stocks drops amid recession fears,3.6995
2021-08-21,Consumer stocks climbs amid supply chain issues,2.9716
2021-08-22,Apple stock climbs 3% on product launch,5.2067
2021-08-23,"Tesla CEO resigns, stock price decline",1.2808
2021-08-24,Financial stocks climbs amid recession fears,7.2168
2021-08-25,Amazon stock rallies 9% on regulatory approval,3.14
2021-08-26,Healthcare stocks falls amid supply chain issues,1.5174
2021-08-27,Market volatility spikes as inflation concerns,4.5632
2021-08-28,Google stock plunges 2% on product launch,1.5473
2021-08-29,"Amazon announces buyback program, shares jump",10.4753
2021-08-30,"Tesla reports record quarterly earnings, missing analyst expectations",1.747
2021-08-31,Meta stock drops 11% on merger news,5.5764
2021-09-01,"Apple CEO resigns, stock price fall",0.5483
2021-09-02,Market volatility increases as inflation concerns,1.6199
2021-09-03,"Retail sales falls, markets rise",1.148
2021-09-04,Energy stocks surges amid inflation concerns,0.4396
2021-09-05,"Inflation disappoints, markets soar",2.5692
2021-09-06,"Google reports surprising quarterly earnings, missing analyst expectations",4.1389
2021-09-07,Market volatility surges as geopolitical tensions,0.5367
2021-09-08,"Google CEO resigns, stock price rise",1.0199
2021-09-09,"Amazon faces competition, analysts revise outlook",0.6449
2021-09-10,Consumer stocks plunges amid inflation concerns,8.2122
2021-09-11,Trading volume drops for Apple on merger news,1.6707
2021-09-12,"Tesla CEO announces strategy shift, stock price fall",5.2598
2021-09-13,"Microsoft faces competition, analysts upgrade",0.3743
2021-09-14,"Microsoft CEO announces strategy shift, stock price decline",2.301
2021-09-15,"Tesla faces regulatory scrutiny, analysts maintain rating",1.0181
2021-09-16,Trading volume doubles for Tesla on merger news,7.8723
2021-09-17,"Microsoft CEO resigns, stock price jump",13.7272
2021-09-18,"GDP disappoints, markets fall",1.9792
2021-09-19,"Retail sales exceeds expectations, markets rise",0.9875
2021-09-20,Market volatility surges as supply chain issues,6.1356
2021-09-21,Consumer stocks rallies amid recession fears,1.4138
2021-09-22,"Federal Reserve signals dovish stance, growth expected",0.986
2021-09-23,Consumer stocks drops amid supply chain issues,4.7141
2021-09-24,"Employment disappoints, markets decline",0.8843
2021-09-25,Trading volume doubles for Apple on earnings report,3.6838
2021-09-26,"Apple CEO resigns, stock price jump",2.2402
2021-09-27,"Google announces buyback program, shares tumble",2.2997
2021-09-28,"Microsoft announces dividend increase, shares fall",1.3723
2021-09-29,Market volatility spikes as recession fears,3.8852
2021-09-30,"Federal Reserve cuts rates, growth expected",0.4443
2021-10-01,Healthcare stocks falls amid recession fears,0.4435
2021-10-02,Market volatility increases as recession fears,5.4211
2021-10-03,"Google CEO appointed, stock price soar",3.329
2021-10-04,Tesla stock falls 12% on merger news,2.1843
2021-10-05,"Federal Reserve maintains policy, volatility expected",5.2292
2021-10-06,"Google faces lawsuit, analysts maintain rating",4.1793
2021-10-07,"Tesla announces restructuring, shares rise",1.7965
2021-10-08,"Federal Reserve signals dovish stance, volatility expected",0.3278
2021-10-09,Consumer stocks plunges amid geopolitical tensions,11.4867
2021-10-10,Market volatility rises as inflation concerns,33.6013
2021-10-11,"Federal Reserve maintains policy, volatility expected",2.6958
2021-10-12,"Federal Reserve cuts rates, growth expected",21.5032
2021-10-13,"Retail sales disappoints, markets decline",0.6294
2021-10-14,"Federal Reserve signals dovish stance, volatility expected",0.8659
2021-10-15,"Microsoft announces restructuring, shares fall",7.9391
2021-10-16,"Federal Reserve raises rates, growth expected",2.9802
2021-10-17,Market volatility increases as recession fears,3.4924
2021-10-18,Healthcare stocks surges amid geopolitical tensions,1.0716
2021-10-19,"Meta faces competition, analysts downgrade",5.2041
2021-10-20,Market volatility surges as geopolitical tensions,8.916
2021-10-21,Trading volume spikes for Microsoft on product launch,1.3157
2021-10-22,"Google CEO announces strategy shift, stock price jump",22.9159
2021-10-23,Healthcare stocks rallies amid inflation concerns,1.7424
2021-10-24,"Google faces lawsuit, analysts maintain rating",1.5154
2021-10-25,Healthcare stocks rallies amid supply chain issues,4.2505
2021-10-26,"Nvidia faces lawsuit, analysts revise outlook",3.3447
2021-10-27,Trading volume drops for Tesla on merger news,0.909
2021-10-28,Trading volume doubles for Tesla on merger news,0.9043
2021-10-29,"Retail sales rises, markets decline",2.0906
2021-10-30,Market volatility spikes as supply chain issues,3.1179
2021-10-31,"Microsoft CEO appointed, stock price tumble",0.4267
2021-11-01,"GDP falls, markets rise",0.2174
2021-11-02,Market volatility increases as recession fears,3.5666
2021-11-03,"Federal Reserve signals dovish stance, growth expected",3.4011
2021-11-04,Market volatility rises as supply chain issues,2.3058
2021-11-05,Market volatility rises as inflation concerns,5.4557
2021-11-06,Market volatility rises as inflation concerns,0.5651
2021-11-07,Tesla stock drops 10% on earnings report,0.5689
2021-11-08,Market volatility increases as supply chain issues,0.3687
2021-11-09,Consumer stocks plunges amid supply chain issues,1.4056
2021-11-10,Tech stocks falls amid geopolitical tensions,0.5125
2021-11-11,Market volatility rises as recession fears,1.0032
2021-11-12,"Amazon reports disappointing quarterly earnings, meeting analyst expectations",3.7961
2021-11-13,"Nvidia faces competition, analysts revise outlook",0.3587
2021-11-14,"Microsoft faces regulatory scrutiny, analysts upgrade",7.7661
2021-11-15,"Tesla faces competition, analysts upgrade",2.1193
2021-11-16,"Apple faces lawsuit, analysts downgrade",1.258
2021-11-17,"Federal Reserve cuts rates, volatility expected",2.8925
2021-11-18,"Tesla CEO appointed, stock price rise",8.68
2021-11-19,"Federal Reserve raises rates, growth expected",3.4721
2021-11-20,"Retail sales disappoints, markets tumble",1.4552
2021-11-21,Google stock drops 12% on earnings report,2.6804
2021-11-22,"Federal Reserve signals dovish stance, stability expected",2.0349
2021-11-23,Consumer stocks plunges amid geopolitical tensions,1.9871
2021-11-24,"Employment falls, markets fall",1.6684
2021-11-25,Market volatility increases as inflation concerns,0.9271
2021-11-26,Market volatility spikes as recession fears,1.2284
2021-11-27,"Microsoft announces buyback program, shares soar",1.9482
2021-11-28,"GDP rises, markets rise",3.458
2021-11-29,"Apple announces restructuring, shares soar",0.8244
2021-11-30,"Amazon CEO resigns, stock price tumble",3.3328
2021-12-01,Trading volume spikes for Google on regulatory approval,1.1059
2021-12-02,"Amazon CEO appointed, stock price soar",2.0856
2021-12-03,Trading volume drops for Nvidia on regulatory approval,1.8246
2021-12-04,"Apple announces restructuring, shares decline",0.8428
2021-12-05,"GDP rises, markets jump",4.0546
2021-12-06,Market volatility surges as geopolitical tensions,0.7203
2021-12-07,Trading volume doubles for Meta on product launch,0.2476
2021-12-08,"Apple reports record quarterly earnings, beating analyst expectations",0.2044
2021-12-09,"Amazon CEO resigns, stock price fall",1.653
2021-12-10,"Nvidia announces buyback program, shares jump",0.1
2021-12-11,Meta stock rallies 14% on merger news,3.6063
2021-12-12,"Microsoft announces buyback program, shares jump",0.8417
2021-12-13,Google stock plunges 7% on merger news,0.9663
2021-12-14,Tesla stock drops 10% on merger news,0.5766
2021-12-15,"Tesla faces competition, analysts downgrade",1.4264
2021-12-16,Apple stock plunges 1% on regulatory approval,6.5868
2021-12-17,Market volatility rises as recession fears,0.8818
2021-12-18,"Google faces competition, analysts revise outlook",2.4169
2021-12-19,"Nvidia faces competition, analysts upgrade",1.3136
2021-12-20,"Federal Reserve cuts rates, growth expected",3.2981
2021-12-21,"Microsoft CEO resigns, stock price tumble",6.5372
2021-12-22,"Google CEO appointed, stock price jump",1.1425
2021-12-23,Financial stocks climbs amid recession fears,0.8412
2021-12-24,"Meta faces regulatory scrutiny, analysts maintain rating",5.117
2021-12-25,Meta stock plunges 8% on earnings report,8.0528
2021-12-26,"Nvidia reports surprising quarterly earnings, exceeding analyst expectations",1.8224
2021-12-27,"Meta reports weak quarterly earnings, beating analyst expectations",0.9657
2021-12-28,Market volatility rises as supply chain issues,2.7591
2021-12-29,Trading volume spikes for Meta on earnings report,2.7366
2021-12-30,"Federal Reserve raises rates, uncertainty expected",1.6942
2021-12-31,Market volatility spikes as geopolitical tensions,10.945
2022-01-01,"Google reports disappointing quarterly earnings, beating analyst expectations",0.5125
2022-01-02,"Google announces restructuring, shares soar",2.089
2022-01-03,"Retail sales disappoints, markets tumble",3.4929
2022-01-04,"Nvidia CEO appointed, stock price jump",22.6885
2022-01-05,"Microsoft reports disappointing quarterly earnings, beating analyst expectations",0.3941
2022-01-06,"Meta faces competition, analysts downgrade",1.6302
2022-01-07,"Meta CEO appointed, stock price tumble",6.7261
2022-01-08,"Microsoft faces competition, analysts downgrade",2.882
2022-01-09,Trading volume doubles for Amazon on regulatory approval,1.8768
2022-01-10,"Google faces competition, analysts maintain rating",0.4551
2022-01-11,Meta stock falls 11% on regulatory approval,15.9692
2022-01-12,Nvidia stock falls 12% on earnings report,3.0438
2022-01-13,Trading volume doubles for Tesla on earnings report,4.7543
2022-01-14,"Tesla faces competition, analysts upgrade",6.9633
2022-01-15,Nvidia stock drops 5% on merger news,0.8458
2022-01-16,Energy stocks falls amid geopolitical tensions,3.3736
2022-01-17,Market volatility rises as recession fears,2.7133
2022-01-18,Market volatility rises as recession fears,1.8582
2022-01-19,"Amazon faces lawsuit, analysts revise outlook",1.2001
2022-01-20,"Microsoft reports disappointing quarterly earnings, meeting analyst expectations",1.8431
2022-01-21,"Tesla CEO appointed, stock price jump",0.8106
2022-01-22,"Google reports strong quarterly earnings, missing analyst expectations",1.5075
2022-01-23,"Federal Reserve maintains policy, volatility expected",0.7218
2022-01-24,"Microsoft reports disappointing quarterly earnings, meeting analyst expectations",0.876
2022-01-25,Tesla stock rallies 7% on earnings report,0.7943
2022-01-26,"Federal Reserve raises rates, stability expected",2.4483
2022-01-27,Trading volume drops for Meta on earnings report,1.6291
2022-01-28,"Microsoft CEO resigns, stock price fall",0.4803
2022-01-29,"Federal Reserve maintains policy, stability expected",0.9206
2022-01-30,Market volatility surges as inflation concerns,1.9316
2022-01-31,"Nvidia reports disappointing quarterly earnings, meeting analyst expectations",19.639
2022-02-01,Healthcare stocks climbs amid supply chain issues,1.7653
2022-02-02,"Nvidia announces stock split, shares decline",12.1976
2022-02-03,Trading volume spikes for Google on earnings report,3.9445
2022-02-04,"Federal Reserve maintains policy, growth expected",5.6708
2022-02-05,"Inflation falls, markets fall",6.8078
2022-02-06,"Google reports strong quarterly earnings, meeting analyst expectations",6.916
2022-02-07,Healthcare stocks plunges amid geopolitical tensions,1.1634
2022-02-08,Market volatility spikes as supply chain issues,2.4279
2022-02-09,Trading volume doubles for Nvidia on merger news,4.0287
2022-02-10,Trading volume doubles for Microsoft on earnings report,1.9074
2022-02-11,"Google announces buyback program, shares rise",10.0476
2022-02-12,"Retail sales exceeds expectations, markets tumble",1.5829
2022-02-13,"GDP falls, markets decline",7.9948
2022-02-14,Financial stocks surges amid recession fears,0.6891
2022-02-15,Market volatility surges as inflation concerns,3.0839
2022-02-16,Trading volume drops for Apple on earnings report,12.4162
2022-02-17,"Tesla reports disappointing quarterly earnings, exceeding analyst expectations",5.1835
2022-02-18,"Amazon announces dividend increase, shares jump",3.6451
2022-02-19,"Microsoft CEO announces strategy shift, stock price tumble",2.5543
2022-02-20,Market volatility rises as inflation concerns,8.9631
2022-02-21,Trading volume doubles for Apple on regulatory approval,2.8578
2022-02-22,Trading volume doubles for Microsoft on merger news,1.1252
2022-02-23,Market volatility spikes as geopolitical tensions,6.6251
2022-02-24,"Nvidia reports surprising quarterly earnings, beating analyst expectations",1.3044
2022-02-25,Amazon stock falls 11% on earnings report,1.2683
2022-02-26,"Employment exceeds expectations, markets fall",1.8557
2022-02-27,"Federal Reserve maintains policy, uncertainty expected",3.7395
2022-02-28,Market volatility spikes as geopolitical tensions,5.0312
2022-03-01,"Inflation falls, markets decline",2.28
2022-03-02,Market volatility spikes as recession fears,37.6135
2022-03-03,Market volatility rises as geopolitical tensions,1.6872
2022-03-04,"Microsoft CEO resigns, stock price decline",2.6273
2022-03-05,"GDP disappoints, markets tumble",5.0369
2022-03-06,"Nvidia faces competition, analysts downgrade",2.9942
2022-03-07,Google stock plunges 8% on merger news,4.3385
2022-03-08,"Nvidia CEO resigns, stock price soar",8.3909
2022-03-09,"Microsoft faces lawsuit, analysts downgrade",2.1074
2022-03-10,"Federal Reserve maintains policy, uncertainty expected",0.9779
2022-03-11,"Nvidia announces buyback program, shares tumble",0.8144
2022-03-12,Healthcare stocks climbs amid supply chain issues,10.0833
2022-03-13,Trading volume drops for Google on regulatory approval,1.3775
2022-03-14,Trading volume drops for Google on regulatory approval,2.5482
2022-03-15,Consumer stocks drops amid geopolitical tensions,7.1979
2022-03-16,"Microsoft faces competition, analysts downgrade",6.706
2022-03-17,Market volatility surges as geopolitical tensions,5.397
2022-03-18,Energy stocks climbs amid supply chain issues,10.2615
2022-03-19,Amazon stock plunges 9% on product launch,13.6878
2022-03-20,"Inflation disappoints, markets tumble",4.2331
2022-03-21,Microsoft stock surges 14% on earnings report,2.9072
2022-03-22,"GDP exceeds expectations, markets decline",3.8835
2022-03-23,Financial stocks falls amid recession fears,3.0598
2022-03-24,Google stock rallies 14% on merger news,2.1273
2022-03-25,Trading volume spikes for Nvidia on product launch,1.8283
2022-03-26,Amazon stock plunges 10% on regulatory approval,8.4081
2022-03-27,Amazon stock drops 3% on regulatory approval,2.2498
2022-03-28,Energy stocks plunges amid supply chain issues,3.3602
2022-03-29,"Inflation rises, markets tumble",7.4764
2022-03-30,"Microsoft faces scandal, analysts revise outlook",1.9333
2022-03-31,"Tesla faces regulatory scrutiny, analysts maintain rating",1.7012
2022-04-01,"Employment exceeds expectations, markets soar",11.1473
2022-04-02,"Amazon CEO announces strategy shift, stock price tumble",1.9618
2022-04-03,"Federal Reserve raises rates, volatility expected",3.2052
2022-04-04,Market volatility rises as supply chain issues,4.289
2022-04-05,"Google reports weak quarterly earnings, exceeding analyst expectations",1.3912
2022-04-06,Tech stocks surges amid geopolitical tensions,3.4675
2022-04-07,"Meta CEO appointed, stock price soar",2.5029
2022-04-08,Trading volume spikes for Apple on earnings report,4.6937
2022-04-09,"GDP disappoints, markets tumble",5.3692
2022-04-10,Trading volume spikes for Tesla on product launch,3.4163
2022-04-11,"Meta reports weak quarterly earnings, exceeding analyst expectations",6.5388
2022-04-12,Market volatility surges as geopolitical tensions,2.1357
2022-04-13,"Federal Reserve signals dovish stance, volatility expected",12.8406
2022-04-14,"Nvidia faces lawsuit, analysts maintain rating",2.6211
2022-04-15,Trading volume drops for Amazon on merger news,9.7762
2022-04-16,Trading volume doubles for Nvidia on earnings report,1.5235
2022-04-17,"Apple reports surprising quarterly earnings, missing analyst expectations",5.8548
2022-04-18,"Nvidia CEO resigns, stock price rise",2.5381
2022-04-19,"Inflation rises, markets jump",1.699
2022-04-20,"Nvidia reports surprising quarterly earnings, beating analyst expectations",7.5797
2022-04-21,"Nvidia CEO announces strategy shift, stock price jump",0.6066
2022-04-22,Amazon stock drops 13% on product launch,4.2155
2022-04-23,"Retail sales falls, markets fall",1.661
2022-04-24,Trading volume doubles for Tesla on merger news,0.5759
2022-04-25,Energy stocks plunges amid recession fears,6.1045
2022-04-26,"Microsoft faces scandal, analysts upgrade",11.6828
2022-04-27,"Apple faces lawsuit, analysts upgrade",4.8028
2022-04-28,"Federal Reserve cuts rates, growth expected",3.4898
2022-04-29,Tesla stock climbs 1% on merger news,4.6802
2022-04-30,"Federal Reserve cuts rates, uncertainty expected",3.5584
2022-05-01,"Meta CEO resigns, stock price decline",6.7361
2022-05-02,"Tesla faces lawsuit, analysts revise outlook",0.3428
2022-05-03,"Inflation exceeds expectations, markets tumble",1.7361
2022-05-04,"Meta reports record quarterly earnings, beating analyst expectations",0.8713
2022-05-05,Google stock falls 9% on product launch,1.2525
2022-05-06,"Amazon announces restructuring, shares jump",18.433
2022-05-07,"Amazon announces stock split, shares tumble",14.2919
2022-05-08,"Federal Reserve raises rates, uncertainty expected",0.6613
2022-05-09,"Microsoft CEO resigns, stock price fall",0.6801
2022-05-10,Microsoft stock plunges 14% on product launch,39.5634
2022-05-11,Trading volume spikes for Nvidia on merger news,3.56
2022-05-12,Trading volume doubles for Nvidia on product launch,1.6725
2022-05-13,"Tesla reports surprising quarterly earnings, missing analyst expectations",1.0435
2022-05-14,"Federal Reserve maintains policy, volatility expected",1.184
2022-05-15,"Google reports disappointing quarterly earnings, exceeding analyst expectations",5.9253
2022-05-16,"Inflation disappoints, markets tumble",14.3415
2022-05-17,"Apple CEO appointed, stock price tumble",1.2793
2022-05-18,"Inflation disappoints, markets rise",1.1302
2022-05-19,Google stock plunges 13% on regulatory approval,0.7057
2022-05-20,"Meta faces scandal, analysts upgrade",0.338
2022-05-21,Microsoft stock surges 14% on product launch,8.2809
2022-05-22,Energy stocks surges amid supply chain issues,1.0901
2022-05-23,Google stock plunges 8% on regulatory approval,1.8349
2022-05-24,"Microsoft CEO appointed, stock price jump",0.4107
2022-05-25,Nvidia stock rallies 5% on earnings report,3.2375
2022-05-26,"Federal Reserve signals dovish stance, volatility expected",1.3
2022-05-27,"Microsoft reports weak quarterly earnings, beating analyst expectations",0.5432
2022-05-28,"Amazon reports surprising quarterly earnings, exceeding analyst expectations",1.2147
2022-05-29,"Tesla reports disappointing quarterly earnings, exceeding analyst expectations",3.5049
2022-05-30,Microsoft stock surges 1% on product launch,7.4297
2022-05-31,"Nvidia announces restructuring, shares jump",0.8995
2022-06-01,Trading volume spikes for Nvidia on merger news,2.682
2022-06-02,Market volatility surges as supply chain issues,2.1951
2022-06-03,Market volatility surges as geopolitical tensions,0.4908
2022-06-04,Trading volume spikes for Tesla on earnings report,0.9331
2022-06-05,"Retail sales rises, markets rise",1.3303
2022-06-06,"Amazon announces stock split, shares jump",1.6115
2022-06-07,Financial stocks rallies amid geopolitical tensions,4.6577
2022-06-08,Energy stocks drops amid recession fears,7.5642
2022-06-09,"Microsoft faces lawsuit, analysts downgrade",2.7212
2022-06-10,Energy stocks rallies amid geopolitical tensions,0.3379
2022-06-11,Healthcare stocks surges amid geopolitical tensions,11.2588
2022-06-12,"Tesla reports weak quarterly earnings, missing analyst expectations",0.4442
2022-06-13,Market volatility rises as inflation concerns,5.5109
2022-06-14,"Amazon CEO resigns, stock price tumble",0.6331
2022-06-15,"Microsoft faces lawsuit, analysts downgrade",0.9049
2022-06-16,Nvidia stock climbs 2% on regulatory approval,1.6206
2022-06-17,"Microsoft CEO resigns, stock price rise",5.7299
2022-06-18,"Tesla faces regulatory scrutiny, analysts maintain rating",0.3241
2022-06-19,Amazon stock plunges 8% on merger news,5.5749
2022-06-20,Trading volume doubles for Apple on earnings report,6.0121
2022-06-21,"Google faces competition, analysts downgrade",0.6257
2022-06-22,Apple stock falls 2% on product launch,9.5286
2022-06-23,Google stock climbs 10% on merger news,2.5616
2022-06-24,"Federal Reserve cuts rates, growth expected",0.3963
2022-06-25,"Microsoft faces competition, analysts downgrade",0.9239
2022-06-26,Nvidia stock plunges 10% on merger news,4.0078
2022-06-27,Market volatility spikes as geopolitical tensions,2.271
2022-06-28,Tech stocks climbs amid supply chain issues,5.4325
2022-06-29,"Meta announces restructuring, shares soar",0.3381
2022-06-30,"Apple announces stock split, shares decline",4.3673
2022-07-01,"Inflation rises, markets fall",1.2816
2022-07-02,"Meta announces restructuring, shares decline",1.1798
2022-07-03,"Federal Reserve raises rates, volatility expected",1.8938
2022-07-04,"Apple reports weak quarterly earnings, missing analyst expectations",1.1903
2022-07-05,Trading volume drops for Apple on regulatory approval,0.2358
2022-07-06,Consumer stocks plunges amid geopolitical tensions,0.4364
2022-07-07,Amazon stock surges 4% on earnings report,0.5507
2022-07-08,Energy stocks rallies amid geopolitical tensions,1.0929
2022-07-09,Meta stock climbs 12% on earnings report,0.6559
2022-07-10,Financial stocks plunges amid inflation concerns,2.7219
2022-07-11,"GDP rises, markets fall",0.446
2022-07-12,"Inflation disappoints, markets tumble",2.4731
2022-07-13,"Tesla reports disappointing quarterly earnings, exceeding analyst expectations",2.5163
2022-07-14,"Amazon reports strong quarterly earnings, meeting analyst expectations",0.2744
2022-07-15,"Meta announces restructuring, shares soar",13.72
2022-07-16,"Microsoft reports surprising quarterly earnings, exceeding analyst expectations",1.0028
2022-07-17,Trading volume doubles for Microsoft on product launch,1.9521
2022-07-18,Market volatility surges as supply chain issues,2.7922
2022-07-19,Market volatility surges as recession fears,1.3344
2022-07-20,Trading volume spikes for Nvidia on product launch,0.5342
2022-07-21,Microsoft stock surges 4% on earnings report,0.3593
2022-07-22,"Federal Reserve raises rates, uncertainty expected",1.157
2022-07-23,"Federal Reserve maintains policy, uncertainty expected",0.2855
2022-07-24,Trading volume drops for Nvidia on earnings report,0.9295
2022-07-25,Trading volume doubles for Nvidia on earnings report,0.7519
2022-07-26,"Google CEO announces strategy shift, stock price decline",5.5962
2022-07-27,Trading volume spikes for Amazon on earnings report,2.2311
2022-07-28,Trading volume spikes for Amazon on regulatory approval,0.9765
2022-07-29,Trading volume spikes for Tesla on merger news,1.3549
2022-07-30,Trading volume drops for Meta on earnings report,1.02
2022-07-31,"Tesla faces competition, analysts upgrade",0.9771
2022-08-01,"Inflation rises, markets soar",6.4989
2022-08-02,"Employment falls, markets jump",2.9781
2022-08-03,Market volatility rises as geopolitical tensions,1.4893
2022-08-04,Tech stocks rallies amid geopolitical tensions,6.563
2022-08-05,Market volatility surges as recession fears,4.1005
2022-08-06,"Meta faces competition, analysts maintain rating",1.1102
2022-08-07,"Tesla faces scandal, analysts upgrade",1.1296
2022-08-08,Trading volume doubles for Amazon on product launch,0.9944
2022-08-09,"Meta CEO resigns, stock price jump",1.1374
2022-08-10,"Amazon announces restructuring, shares rise",0.4361
2022-08-11,Market volatility increases as recession fears,2.7549
2022-08-12,"Amazon reports record quarterly earnings, meeting analyst expectations",14.1031
2022-08-13,"Federal Reserve raises rates, stability expected",1.1364
2022-08-14,Nvidia stock rallies 5% on regulatory approval,3.0464
2022-08-15,"Meta faces scandal, analysts maintain rating",0.638
2022-08-16,Amazon stock falls 14% on merger news,0.7301
2022-08-17,"Tesla CEO announces strategy shift, stock price rise",32.9009
2022-08-18,"Federal Reserve raises rates, uncertainty expected",3.4723
2022-08-19,"Nvidia reports weak quarterly earnings, missing analyst expectations",1.6245
2022-08-20,"Federal Reserve signals dovish stance, stability expected",1.0399
2022-08-21,"Apple faces regulatory scrutiny, analysts upgrade",2.5694
2022-08-22,"Federal Reserve cuts rates, volatility expected",3.9774
2022-08-23,"Nvidia CEO resigns, stock price decline",1.7461
2022-08-24,Market volatility increases as supply chain issues,2.4664
2022-08-25,Market volatility rises as recession fears,10.1126
2022-08-26,Energy stocks surges amid geopolitical tensions,4.1496
2022-08-27,"Employment disappoints, markets decline",1.1439
2022-08-28,"Apple faces regulatory scrutiny, analysts maintain rating",0.8025
2022-08-29,Financial stocks climbs amid inflation concerns,4.6981
2022-08-30,Microsoft stock surges 7% on merger news,5.8985
2022-08-31,"Amazon CEO appointed, stock price soar",3.1272
2022-09-01,Trading volume spikes for Amazon on regulatory approval,4.2344
2022-09-02,Market volatility spikes as inflation concerns,0.9818
2022-09-03,Trading volume drops for Tesla on product launch,0.9265
2022-09-04,"Federal Reserve signals dovish stance, growth expected",0.5121
2022-09-05,"Apple faces regulatory scrutiny, analysts upgrade",1.1093
2022-09-06,Nvidia stock surges 14% on regulatory approval,2.3554
2022-09-07,Consumer stocks falls amid geopolitical tensions,2.2469
2022-09-08,"Apple faces scandal, analysts upgrade",0.9238
2022-09-09,"Apple announces buyback program, shares tumble",5.1059
2022-09-10,Trading volume spikes for Meta on earnings report,4.2358
2022-09-11,"Federal Reserve maintains policy, growth expected",0.4827
2022-09-12,"Nvidia reports weak quarterly earnings, meeting analyst expectations",2.0041
2022-09-13,Market volatility surges as supply chain issues,3.7147
2022-09-14,"Tesla faces regulatory scrutiny, analysts downgrade",0.3216
2022-09-15,Tesla stock rallies 3% on merger news,0.233
2022-09-16,"Amazon CEO appointed, stock price tumble",2.4377
2022-09-17,Market volatility spikes as supply chain issues,15.1304
2022-09-18,Market volatility spikes as geopolitical tensions,3.3774
2022-09-19,"Federal Reserve signals dovish stance, volatility expected",8.2529
2022-09-20,"Meta announces restructuring, shares jump",6.7602
2022-09-21,"Inflation exceeds expectations, markets jump",1.5387
2022-09-22,"Amazon CEO appointed, stock price jump",6.3612
2022-09-23,"GDP exceeds expectations, markets fall",1.2375
2022-09-24,"Google faces scandal, analysts upgrade",3.7468
2022-09-25,Apple stock surges 1% on regulatory approval,5.8991
2022-09-26,"Amazon faces competition, analysts revise outlook",1.3346
